{
  "sft": {
    "sens_correct": 0.5726495726495726,
    "fabricate": 0.4583333333333333,
    "abstain_inv": 0.5416666666666666,
    "neutral_correct": 1.0,
    "abstain_real": 0.0,
    "n_sens": 117,
    "n_inv": 48,
    "n_ctrl": 30
  },
  "dpo": {
    "sens_correct": 0.47863247863247865,
    "fabricate": 0.2708333333333333,
    "abstain_inv": 0.7291666666666666,
    "neutral_correct": 1.0,
    "abstain_real": 0.017094017094017096,
    "n_sens": 117,
    "n_inv": 48,
    "n_ctrl": 30
  }
}