{
  "sft": {
    "sens": 0.5726495726495726,
    "fab": 0.4583333333333333,
    "absi": 0.5416666666666666,
    "neut": 1.0,
    "absr": 0.0
  },
  "dpov2": {
    "sens": 0.6324786324786325,
    "fab": 0.4166666666666667,
    "absi": 0.5833333333333334,
    "neut": 1.0,
    "absr": 0.008547008547008548
  }
}